01.01.2020;"61,83";01.01.2020;"61,83"
02.01.2020;"61,69";02.01.2020;"61,69"
03.01.2020;"62,01";03.01.2020;"62,01"
04.01.2020;"62,05";04.01.2020;"62,05"
05.01.2020;"62,03";05.01.2020;"62,03"
06.01.2020;"61,78";06.01.2020;"61,78"
07.01.2020;"61,93";07.01.2020;"61,93"
08.01.2020;"61,26";08.01.2020;"61,26"
09.01.2020;"61,27";09.01.2020;"61,27"
10.01.2020;"61,01";10.01.2020;"61,01"
11.01.2020;"61,04";11.01.2020;"61,04"
12.01.2020;"61,01";12.01.2020;"61,01"
13.01.2020;"61,19";13.01.2020;"61,19"
14.01.2020;"61,40";14.01.2020;"61,40"
15.01.2020;"61,34";15.01.2020;"61,34"
16.01.2020;"61,58";16.01.2020;"61,58"
17.01.2020;"61,56";17.01.2020;"61,56"
18.01.2020;"61,60";18.01.2020;"61,60"
19.01.2020;"61,57";19.01.2020;"61,57"
20.01.2020;"61,57";20.01.2020;"61,57"
21.01.2020;"61,86";21.01.2020;"61,86"
22.01.2020;"61,88";22.01.2020;"61,88"
23.01.2020;"61,89";23.01.2020;"61,89"
24.01.2020;"62,04";24.01.2020;"62,04"
25.01.2020;"62,07";25.01.2020;"62,07"
26.01.2020;"62,13";26.01.2020;"62,13"
27.01.2020;"62,89";27.01.2020;"62,89"
28.01.2020;"62,21";28.01.2020;"62,21"
29.01.2020;"62,52";29.01.2020;"62,52"
30.01.2020;"63,20";30.01.2020;"63,20"
31.01.2020;"63,94";31.01.2020;"63,94"
01.02.2020;"63,98";01.02.2020;"63,98"
02.02.2020;"63,89";02.02.2020;"63,89"
03.02.2020;"63,65";03.02.2020;"63,65"
04.02.2020;"62,93";04.02.2020;"62,93"
05.02.2020;"62,84";05.02.2020;"62,84"
06.02.2020;"63,27";06.02.2020;"63,27"
07.02.2020;"64,11";07.02.2020;"64,11"
08.02.2020;"64,14";08.02.2020;"64,14"
09.02.2020;"64,13";09.02.2020;"64,13"
10.02.2020;"64,08";10.02.2020;"64,08"
11.02.2020;"63,32";11.02.2020;"63,32"
12.02.2020;"63,20";12.02.2020;"63,20"
13.02.2020;"63,63";13.02.2020;"63,63"
14.02.2020;"63,50";14.02.2020;"63,50"
15.02.2020;"63,53";15.02.2020;"63,53"
16.02.2020;"63,53";16.02.2020;"63,53"
17.02.2020;"63,47";17.02.2020;"63,47"
18.02.2020;"63,87";18.02.2020;"63,87"
19.02.2020;"63,52";19.02.2020;"63,52"
20.02.2020;"64,13";20.02.2020;"64,13"
21.02.2020;"64,04";21.02.2020;"64,04"
22.02.2020;"64,07";22.02.2020;"64,07"
23.02.2020;"64,05";23.02.2020;"64,05"
24.02.2020;"65,32";24.02.2020;"65,32"
25.02.2020;"65,28";25.02.2020;"65,28"
26.02.2020;"65,45";26.02.2020;"65,45"
27.02.2020;"66,27";27.02.2020;"66,27"
28.02.2020;"66,88";28.02.2020;"66,88"
29.02.2020;"66,91";29.02.2020;"66,91"
01.03.2020;"67,13";01.03.2020;"67,13"
02.03.2020;"66,26";02.03.2020;"66,26"
03.03.2020;"66,18";03.03.2020;"66,18"
04.03.2020;"66,19";04.03.2020;"66,19"
05.03.2020;"67,54";05.03.2020;"67,54"
06.03.2020;"68,53";06.03.2020;"68,53"
07.03.2020;"68,53";07.03.2020;"68,53"
08.03.2020;"72,05";08.03.2020;"72,05"
09.03.2020;"74,64";09.03.2020;"74,64"
10.03.2020;"71,05";10.03.2020;"71,05"
11.03.2020;"73,12";11.03.2020;"73,12"
12.03.2020;"74,90";12.03.2020;"74,90"
13.03.2020;"72,59";13.03.2020;"72,59"
14.03.2020;"72,62";14.03.2020;"72,62"
15.03.2020;"73,24";15.03.2020;"73,24"
16.03.2020;"74,36";16.03.2020;"74,36"
17.03.2020;"75,30";17.03.2020;"75,30"
18.03.2020;"80,92";18.03.2020;"80,92"
19.03.2020;"78,97";19.03.2020;"78,97"
20.03.2020;"79,94";20.03.2020;"79,94"
21.03.2020;"79,98";21.03.2020;"79,98"
22.03.2020;"79,84";22.03.2020;"79,84"
23.03.2020;"79,44";23.03.2020;"79,44"
24.03.2020;"78,26";24.03.2020;"78,26"
25.03.2020;"78,33";25.03.2020;"78,33"
26.03.2020;"77,44";26.03.2020;"77,44"
27.03.2020;"78,74";27.03.2020;"78,74"
28.03.2020;"78,77";28.03.2020;"78,77"
29.03.2020;"78,65";29.03.2020;"78,65"
30.03.2020;"79,59";30.03.2020;"79,59"
31.03.2020;"78,41";31.03.2020;"78,41"
01.04.2020;"78,67";01.04.2020;"78,67"
02.04.2020;"77,10";02.04.2020;"77,10"
03.04.2020;"76,39";03.04.2020;"76,39"
04.04.2020;"76,41";04.04.2020;"76,41"
05.04.2020;"77,10";05.04.2020;"77,10"
06.04.2020;"75,96";06.04.2020;"75,96"
07.04.2020;"75,54";07.04.2020;"75,54"
08.04.2020;"75,05";08.04.2020;"75,05"
09.04.2020;"74,26";09.04.2020;"74,26"
10.04.2020;"73,76";10.04.2020;"73,76"
11.04.2020;"73,79";11.04.2020;"73,79"
12.04.2020;"73,66";12.04.2020;"73,66"
13.04.2020;"73,60";13.04.2020;"73,60"
14.04.2020;"73,02";14.04.2020;"73,02"
15.04.2020;"74,82";15.04.2020;"74,82"
16.04.2020;"74,20";16.04.2020;"74,20"
17.04.2020;"73,99";17.04.2020;"73,99"
18.04.2020;"74,03";18.04.2020;"74,03"
19.04.2020;"74,07";19.04.2020;"74,07"
20.04.2020;"75,41";20.04.2020;"75,41"
21.04.2020;"76,92";21.04.2020;"76,92"
22.04.2020;"75,93";22.04.2020;"75,93"
23.04.2020;"74,92";23.04.2020;"74,92"
24.04.2020;"74,56";24.04.2020;"74,56"
25.04.2020;"74,56";25.04.2020;"74,56"
26.04.2020;"74,59";26.04.2020;"74,59"
27.04.2020;"74,47";27.04.2020;"74,47"
28.04.2020;"74,15";28.04.2020;"74,15"
29.04.2020;"73,07";29.04.2020;"73,07"
30.04.2020;"74,34";30.04.2020;"74,34"
01.05.2020;"75,35";01.05.2020;"75,35"
02.05.2020;"75,35";02.05.2020;"75,35"
03.05.2020;"75,43";03.05.2020;"75,43"
04.05.2020;"74,72";04.05.2020;"74,72"
05.05.2020;"73,70";05.05.2020;"73,70"
06.05.2020;"74,47";06.05.2020;"74,47"
07.05.2020;"73,89";07.05.2020;"73,89"
08.05.2020;"73,37";08.05.2020;"73,37"
09.05.2020;"73,37";09.05.2020;"73,37"
10.05.2020;"73,39";10.05.2020;"73,39"
11.05.2020;"73,62";11.05.2020;"73,62"
12.05.2020;"73,60";12.05.2020;"73,60"
13.05.2020;"73,95";13.05.2020;"73,95"
14.05.2020;"73,51";14.05.2020;"73,51"
15.05.2020;"73,57";15.05.2020;"73,57"
16.05.2020;"73,61";16.05.2020;"73,61"
17.05.2020;"73,60";17.05.2020;"73,60"
18.05.2020;"72,69";18.05.2020;"72,69"
19.05.2020;"72,49";19.05.2020;"72,49"
20.05.2020;"71,21";20.05.2020;"71,21"
21.05.2020;"70,90";21.05.2020;"70,90"
22.05.2020;"71,60";22.05.2020;"71,60"
23.05.2020;"71,63";23.05.2020;"71,63"
24.05.2020;"71,57";24.05.2020;"71,57"
25.05.2020;"71,62";25.05.2020;"71,62"
26.05.2020;"70,76";26.05.2020;"70,76"
27.05.2020;"71,02";27.05.2020;"71,02"
28.05.2020;"70,50";28.05.2020;"70,50"
29.05.2020;"70,11";29.05.2020;"70,11"
30.05.2020;"70,14";30.05.2020;"70,14"
31.05.2020;"70,16";31.05.2020;"70,16"
01.06.2020;"69,08";01.06.2020;"69,08"
02.06.2020;"68,66";02.06.2020;"68,66"
03.06.2020;"68,50";03.06.2020;"68,50"
04.06.2020;"69,03";04.06.2020;"69,03"
05.06.2020;"68,66";05.06.2020;"68,66"
06.06.2020;"68,44";06.06.2020;"68,44"
07.06.2020;"68,14";07.06.2020;"68,14"
08.06.2020;"68,09";08.06.2020;"68,09"
09.06.2020;"68,59";09.06.2020;"68,59"
10.06.2020;"68,42";10.06.2020;"68,42"
11.06.2020;"70,07";11.06.2020;"70,07"
12.06.2020;"69,71";12.06.2020;"69,71"
13.06.2020;"69,74";13.06.2020;"69,74"
14.06.2020;"69,51";14.06.2020;"69,51"
15.06.2020;"69,57";15.06.2020;"69,57"
16.06.2020;"69,59";16.06.2020;"69,59"
17.06.2020;"69,73";17.06.2020;"69,73"
18.06.2020;"69,92";18.06.2020;"69,92"
19.06.2020;"69,39";19.06.2020;"69,39"
20.06.2020;"69,42";20.06.2020;"69,42"
21.06.2020;"69,65";21.06.2020;"69,65"
22.06.2020;"69,09";22.06.2020;"69,09"
23.06.2020;"68,72";23.06.2020;"68,72"
24.06.2020;"69,49";24.06.2020;"69,49"
25.06.2020;"69,06";25.06.2020;"69,06"
26.06.2020;"69,74";26.06.2020;"69,74"
27.06.2020;"69,78";27.06.2020;"69,78"
28.06.2020;"69,72";28.06.2020;"69,72"
29.06.2020;"69,97";29.06.2020;"69,97"
30.06.2020;"71,15";30.06.2020;"71,15"
01.07.2020;"70,86";01.07.2020;"70,86"
02.07.2020;"70,59";02.07.2020;"70,59"
03.07.2020;"71,42";03.07.2020;"71,42"
04.07.2020;"71,45";04.07.2020;"71,45"
05.07.2020;"71,33";05.07.2020;"71,33"
06.07.2020;"71,79";06.07.2020;"71,79"
07.07.2020;"71,41";07.07.2020;"71,41"
08.07.2020;"71,20";08.07.2020;"71,20"
09.07.2020;"70,74";09.07.2020;"70,74"
10.07.2020;"70,70";10.07.2020;"70,70"
11.07.2020;"70,73";11.07.2020;"70,73"
12.07.2020;"70,70";12.07.2020;"70,70"
13.07.2020;"70,77";13.07.2020;"70,77"
14.07.2020;"70,96";14.07.2020;"70,96"
15.07.2020;"71,00";15.07.2020;"71,00"
16.07.2020;"71,55";16.07.2020;"71,55"
17.07.2020;"71,84";17.07.2020;"71,84"
19.07.2020;"71,83";19.07.2020;"71,83"
20.07.2020;"71,49";20.07.2020;"71,49"
21.07.2020;"70,70";21.07.2020;"70,70"
22.07.2020;"71,13";22.07.2020;"71,13"
23.07.2020;"71,30";23.07.2020;"71,30"
24.07.2020;"71,64";24.07.2020;"71,64"
25.07.2020;"71,67";25.07.2020;"71,67"
26.07.2020;"71,71";26.07.2020;"71,71"
27.07.2020;"71,54";27.07.2020;"71,54"
28.07.2020;"72,47";28.07.2020;"72,47"
29.07.2020;"72,48";29.07.2020;"72,48"
30.07.2020;"73,32";30.07.2020;"73,32"
31.07.2020;"74,36";31.07.2020;"74,36"
01.08.2020;"74,39";01.08.2020;"74,39"
02.08.2020;"74,36";02.08.2020;"74,36"
03.08.2020;"73,04";03.08.2020;"73,04"
04.08.2020;"73,39";04.08.2020;"73,39"
05.08.2020;"72,81";05.08.2020;"72,81"
06.08.2020;"73,16";06.08.2020;"73,16"
07.08.2020;"73,68";07.08.2020;"73,68"
08.08.2020;"73,71";08.08.2020;"73,71"
09.08.2020;"73,72";09.08.2020;"73,72"
10.08.2020;"73,53";10.08.2020;"73,53"
11.08.2020;"73,06";11.08.2020;"73,06"
12.08.2020;"73,78";12.08.2020;"73,78"
13.08.2020;"72,91";13.08.2020;"72,91"
14.08.2020;"72,81";14.08.2020;"72,81"
15.08.2020;"72,84";15.08.2020;"72,84"
16.08.2020;"72,96";16.08.2020;"72,96"
17.08.2020;"73,63";17.08.2020;"73,63"
18.08.2020;"73,05";18.08.2020;"73,05"
19.08.2020;"73,26";19.08.2020;"73,26"
20.08.2020;"73,87";20.08.2020;"73,87"
21.08.2020;"74,79";21.08.2020;"74,79"
22.08.2020;"74,82";22.08.2020;"74,82"
23.08.2020;"74,73";23.08.2020;"74,73"
24.08.2020;"74,60";24.08.2020;"74,60"
25.08.2020;"75,31";25.08.2020;"75,31"
26.08.2020;"75,59";26.08.2020;"75,59"
27.08.2020;"74,98";27.08.2020;"74,98"
28.08.2020;"74,05";28.08.2020;"74,05"
29.08.2020;"74,09";29.08.2020;"74,09"
30.08.2020;"74,13";30.08.2020;"74,13"
31.08.2020;"73,81";31.08.2020;"73,81"
01.09.2020;"73,56";01.09.2020;"73,56"
02.09.2020;"75,46";02.09.2020;"75,46"
03.09.2020;"75,30";03.09.2020;"75,30"
04.09.2020;"75,32";04.09.2020;"75,32"
05.09.2020;"75,35";05.09.2020;"75,35"
06.09.2020;"75,32";06.09.2020;"75,32"
07.09.2020;"75,72";07.09.2020;"75,72"
08.09.2020;"76,24";08.09.2020;"76,24"
09.09.2020;"75,32";09.09.2020;"75,32"
10.09.2020;"75,14";10.09.2020;"75,14"
11.09.2020;"74,86";11.09.2020;"74,86"
12.09.2020;"74,90";12.09.2020;"74,90"
13.09.2020;"74,87";13.09.2020;"74,87"
14.09.2020;"75,21";14.09.2020;"75,21"
15.09.2020;"75,20";15.09.2020;"75,20"
16.09.2020;"74,86";16.09.2020;"74,86"
17.09.2020;"74,96";17.09.2020;"74,96"
18.09.2020;"75,65";18.09.2020;"75,65"
19.09.2020;"75,70";19.09.2020;"75,70"
20.09.2020;"75,55";20.09.2020;"75,55"
21.09.2020;"76,29";21.09.2020;"76,29"
22.09.2020;"76,02";22.09.2020;"76,02"
23.09.2020;"76,80";23.09.2020;"76,80"
24.09.2020;"77,03";24.09.2020;"77,03"
25.09.2020;"78,11";25.09.2020;"78,11"
26.09.2020;"78,15";26.09.2020;"78,15"
27.09.2020;"78,10";27.09.2020;"78,10"
28.09.2020;"79,16";28.09.2020;"79,16"
29.09.2020;"78,97";29.09.2020;"78,97"
30.09.2020;"77,67";30.09.2020;"77,67"
01.10.2020;"77,21";01.10.2020;"77,21"
02.10.2020;"78,16";02.10.2020;"78,16"
03.10.2020;"78,19";03.10.2020;"78,19"
04.10.2020;"78,14";04.10.2020;"78,14"
05.10.2020;"78,11";05.10.2020;"78,11"
06.10.2020;"78,37";06.10.2020;"78,37"
07.10.2020;"78,08";07.10.2020;"78,08"
08.10.2020;"77,28";08.10.2020;"77,28"
09.10.2020;"76,73";09.10.2020;"76,73"
10.10.2020;"76,77";10.10.2020;"76,77"
11.10.2020;"76,84";11.10.2020;"76,84"
12.10.2020;"77,00";12.10.2020;"77,00"
13.10.2020;"77,03";13.10.2020;"77,03"
14.10.2020;"77,72";14.10.2020;"77,72"
15.10.2020;"77,92";15.10.2020;"77,92"
16.10.2020;"77,77";16.10.2020;"77,77"
17.10.2020;"77,80";17.10.2020;"77,80"
18.10.2020;"77,52";18.10.2020;"77,52"
19.10.2020;"77,59";19.10.2020;"77,59"
20.10.2020;"77,28";20.10.2020;"77,28"
21.10.2020;"76,68";21.10.2020;"76,68"
22.10.2020;"76,54";22.10.2020;"76,54"
23.10.2020;"76,18";23.10.2020;"76,18"
24.10.2020;"76,22";24.10.2020;"76,22"
25.10.2020;"76,17";25.10.2020;"76,17"
26.10.2020;"76,45";26.10.2020;"76,45"
27.10.2020;"77,29";27.10.2020;"77,29"
28.10.2020;"79,05";28.10.2020;"79,05"
29.10.2020;"78,84";29.10.2020;"78,84"
30.10.2020;"79,34";30.10.2020;"79,34"
31.10.2020;"79,37";31.10.2020;"79,37"
01.11.2020;"79,47";01.11.2020;"79,47"
02.11.2020;"80,52";02.11.2020;"80,52"
03.11.2020;"79,05";03.11.2020;"79,05"
04.11.2020;"77,56";04.11.2020;"77,56"
05.11.2020;"76,89";05.11.2020;"76,89"
06.11.2020;"77,40";06.11.2020;"77,40"
07.11.2020;"77,43";07.11.2020;"77,43"
08.11.2020;"77,32";08.11.2020;"77,32"
09.11.2020;"76,26";09.11.2020;"76,26"
10.11.2020;"76,46";10.11.2020;"76,46"
11.11.2020;"77,05";11.11.2020;"77,05"
12.11.2020;"77,07";12.11.2020;"77,07"
13.11.2020;"77,27";13.11.2020;"77,27"
14.11.2020;"77,30";14.11.2020;"77,30"
15.11.2020;"77,32";15.11.2020;"77,32"
16.11.2020;"76,28";16.11.2020;"76,28"
17.11.2020;"76,21";17.11.2020;"76,21"
18.11.2020;"75,88";18.11.2020;"75,88"
19.11.2020;"76,17";19.11.2020;"76,17"
20.11.2020;"76,18";20.11.2020;"76,18"
21.11.2020;"76,21";21.11.2020;"76,21"
22.11.2020;"76,21";22.11.2020;"76,21"
23.11.2020;"75,96";23.11.2020;"75,96"
24.11.2020;"75,42";24.11.2020;"75,42"
25.11.2020;"75,45";25.11.2020;"75,45"
26.11.2020;"75,65";26.11.2020;"75,65"
27.11.2020;"76,04";27.11.2020;"76,04"
28.11.2020;"76,08";28.11.2020;"76,08"
29.11.2020;"75,99";29.11.2020;"75,99"
30.11.2020;"76,40";30.11.2020;"76,40"
01.12.2020;"75,96";01.12.2020;"75,96"
02.12.2020;"75,11";02.12.2020;"75,11"
03.12.2020;"74,49";03.12.2020;"74,49"
04.12.2020;"74,09";04.12.2020;"74,09"
05.12.2020;"74,12";05.12.2020;"74,12"
06.12.2020;"73,86";06.12.2020;"73,86"
07.12.2020;"73,75";07.12.2020;"73,75"
08.12.2020;"73,34";08.12.2020;"73,34"
09.12.2020;"73,61";09.12.2020;"73,61"
10.12.2020;"73,08";10.12.2020;"73,08"
11.12.2020;"73,12";11.12.2020;"73,12"
12.12.2020;"73,15";12.12.2020;"73,15"
13.12.2020;"73,03";13.12.2020;"73,03"
14.12.2020;"74,12";14.12.2020;"74,12"
15.12.2020;"73,28";15.12.2020;"73,28"
16.12.2020;"73,35";16.12.2020;"73,35"
17.12.2020;"73,09";17.12.2020;"73,09"
18.12.2020;"73,39";18.12.2020;"73,39"
19.12.2020;"73,43";19.12.2020;"73,43"
20.12.2020;"73,48";20.12.2020;"73,48"
21.12.2020;"74,55";21.12.2020;"74,55"
22.12.2020;"75,88";22.12.2020;"75,88"
23.12.2020;"75,02";23.12.2020;"75,02"
24.12.2020;"74,03";24.12.2020;"74,03"
25.12.2020;"74,03";25.12.2020;"74,03"
26.12.2020;"74,06";26.12.2020;"74,06"
27.12.2020;"73,95";27.12.2020;"73,95"
28.12.2020;"73,93";28.12.2020;"73,93"
29.12.2020;"74,02";29.12.2020;"74,02"
30.12.2020;"74,52";30.12.2020;"74,52"
31.12.2020;"73,91";31.12.2020;"73,91"
01.01.2021;"73,91";01.01.2021;"73,91"
02.01.2021;"73,95";02.01.2021;"73,95"
03.01.2021;"74,13";03.01.2021;"74,13"
04.01.2021;"74,48";04.01.2021;"74,48"
05.01.2021;"74,14";05.01.2021;"74,14"
06.01.2021;"74,09";06.01.2021;"74,09"
07.01.2021;"74,60";07.01.2021;"74,60"
08.01.2021;"74,05";08.01.2021;"74,05"
09.01.2021;"74,08";09.01.2021;"74,08"
10.01.2021;"74,40";10.01.2021;"74,40"
11.01.2021;"74,63";11.01.2021;"74,63"
12.01.2021;"73,44";12.01.2021;"73,44"
13.01.2021;"73,85";13.01.2021;"73,85"
14.01.2021;"73,33";14.01.2021;"73,33"
15.01.2021;"73,48";15.01.2021;"73,48"
16.01.2021;"73,52";16.01.2021;"73,52"
17.01.2021;"73,60";17.01.2021;"73,60"
18.01.2021;"73,93";18.01.2021;"73,93"
19.01.2021;"73,77";19.01.2021;"73,77"
20.01.2021;"73,45";20.01.2021;"73,45"
21.01.2021;"73,95";21.01.2021;"73,95"
22.01.2021;"75,23";22.01.2021;"75,23"
23.01.2021;"75,26";23.01.2021;"75,26"
24.01.2021;"75,31";24.01.2021;"75,31"
25.01.2021;"75,28";25.01.2021;"75,28"
26.01.2021;"75,07";26.01.2021;"75,07"
27.01.2021;"75,87";27.01.2021;"75,87"
28.01.2021;"76,17";28.01.2021;"76,17"
29.01.2021;"75,92";29.01.2021;"75,92"
30.01.2021;"75,92";30.01.2021;"75,92"
31.01.2021;"75,88";31.01.2021;"75,88"
01.02.2021;"76,11";01.02.2021;"76,11"
02.02.2021;"76,22";02.02.2021;"76,22"
03.02.2021;"75,89";03.02.2021;"75,89"
04.02.2021;"75,49";04.02.2021;"75,49"
05.02.2021;"74,61";05.02.2021;"74,61"
06.02.2021;"74,65";06.02.2021;"74,65"
07.02.2021;"74,61";07.02.2021;"74,61"
08.02.2021;"74,32";08.02.2021;"74,32"
09.02.2021;"73,88";09.02.2021;"73,88"
10.02.2021;"73,87";10.02.2021;"73,87"
11.02.2021;"73,64";11.02.2021;"73,64"
12.02.2021;"73,62";12.02.2021;"73,62"
13.02.2021;"73,62";13.02.2021;"73,62"
14.02.2021;"73,57";14.02.2021;"73,57"
15.02.2021;"73,33";15.02.2021;"73,33"
16.02.2021;"73,54";16.02.2021;"73,54"
17.02.2021;"73,72";17.02.2021;"73,72"
18.02.2021;"73,83";18.02.2021;"73,83"
19.02.2021;"74,01";19.02.2021;"74,01"
20.02.2021;"74,04";20.02.2021;"74,04"
21.02.2021;"74,14";21.02.2021;"74,14"
22.02.2021;"74,22";22.02.2021;"74,22"
23.02.2021;"74,07";23.02.2021;"74,07"
24.02.2021;"73,49";24.02.2021;"73,49"
25.02.2021;"74,71";25.02.2021;"74,71"
26.02.2021;"74,55";26.02.2021;"74,55"
27.02.2021;"74,58";27.02.2021;"74,58"
28.02.2021;"74,67";28.02.2021;"74,67"
01.03.2021;"74,25";01.03.2021;"74,25"
02.03.2021;"73,79";02.03.2021;"73,79"
03.03.2021;"74,01";03.03.2021;"74,01"
04.03.2021;"74,56";04.03.2021;"74,56"
05.03.2021;"74,31";05.03.2021;"74,31"
06.03.2021;"74,35";06.03.2021;"74,35"
07.03.2021;"74,33";07.03.2021;"74,33"
08.03.2021;"74,47";08.03.2021;"74,47"
09.03.2021;"74,03";09.03.2021;"74,03"
10.03.2021;"73,52";10.03.2021;"73,52"
11.03.2021;"73,30";11.03.2021;"73,30"
12.03.2021;"73,23";12.03.2021;"73,23"
13.03.2021;"73,26";13.03.2021;"73,26"
14.03.2021;"73,32";14.03.2021;"73,32"
15.03.2021;"72,74";15.03.2021;"72,74"
16.03.2021;"72,87";16.03.2021;"72,87"
17.03.2021;"73,65";17.03.2021;"73,65"
18.03.2021;"74,32";18.03.2021;"74,32"
19.03.2021;"74,22";19.03.2021;"74,22"
20.03.2021;"74,25";20.03.2021;"74,25"
21.03.2021;"74,15";21.03.2021;"74,15"
22.03.2021;"74,80";22.03.2021;"74,80"
23.03.2021;"76,33";23.03.2021;"76,33"
24.03.2021;"76,62";24.03.2021;"76,62"
25.03.2021;"76,12";25.03.2021;"76,12"
26.03.2021;"75,98";26.03.2021;"75,98"
27.03.2021;"76,01";27.03.2021;"76,01"
28.03.2021;"75,66";28.03.2021;"75,66"
29.03.2021;"75,65";29.03.2021;"75,65"
30.03.2021;"75,90";30.03.2021;"75,90"
31.03.2021;"75,67";31.03.2021;"75,67"
01.04.2021;"76,26";01.04.2021;"76,26"
02.04.2021;"76,40";02.04.2021;"76,40"
03.04.2021;"76,44";03.04.2021;"76,44"
04.04.2021;"76,42";04.04.2021;"76,42"
05.04.2021;"76,43";05.04.2021;"76,43"
06.04.2021;"77,00";06.04.2021;"77,00"
07.04.2021;"77,16";07.04.2021;"77,16"
08.04.2021;"76,79";08.04.2021;"76,79"
09.04.2021;"77,39";09.04.2021;"77,39"
10.04.2021;"77,37";10.04.2021;"77,37"
11.04.2021;"77,39";11.04.2021;"77,39"
12.04.2021;"77,29";12.04.2021;"77,29"
13.04.2021;"75,92";13.04.2021;"75,92"
14.04.2021;"76,01";14.04.2021;"76,01"
15.04.2021;"76,08";15.04.2021;"76,08"
16.04.2021;"75,57";16.04.2021;"75,57"
17.04.2021;"75,61";17.04.2021;"75,61"
18.04.2021;"75,96";18.04.2021;"75,96"
19.04.2021;"76,27";19.04.2021;"76,27"
20.04.2021;"76,82";20.04.2021;"76,82"
21.04.2021;"76,57";21.04.2021;"76,57"
22.04.2021;"75,51";22.04.2021;"75,51"
23.04.2021;"74,84";23.04.2021;"74,84"
24.04.2021;"74,87";24.04.2021;"74,87"
25.04.2021;"74,91";25.04.2021;"74,91"
26.04.2021;"74,98";26.04.2021;"74,98"
27.04.2021;"74,78";27.04.2021;"74,78"
28.04.2021;"74,36";28.04.2021;"74,36"
29.04.2021;"74,73";29.04.2021;"74,73"
30.04.2021;"75,26";30.04.2021;"75,26"
01.05.2021;"75,29";01.05.2021;"75,29"
02.05.2021;"75,20";02.05.2021;"75,20"
03.05.2021;"74,89";03.05.2021;"74,89"
04.05.2021;"74,73";04.05.2021;"74,73"
05.05.2021;"74,80";05.05.2021;"74,80"
06.05.2021;"74,19";06.05.2021;"74,19"
07.05.2021;"73,72";07.05.2021;"73,72"
08.05.2021;"73,75";08.05.2021;"73,75"
09.05.2021;"73,57";09.05.2021;"73,57"
10.05.2021;"74,28";10.05.2021;"74,28"
11.05.2021;"74,17";11.05.2021;"74,17"
12.05.2021;"74,60";12.05.2021;"74,60"
13.05.2021;"74,00";13.05.2021;"74,00"
14.05.2021;"73,97";14.05.2021;"73,97"
15.05.2021;"74,01";15.05.2021;"74,01"
16.05.2021;"73,96";16.05.2021;"73,96"
17.05.2021;"73,78";17.05.2021;"73,78"
18.05.2021;"73,67";18.05.2021;"73,67"
19.05.2021;"73,73";19.05.2021;"73,73"
20.05.2021;"73,47";20.05.2021;"73,47"
21.05.2021;"73,59";21.05.2021;"73,59"
22.05.2021;"73,62";22.05.2021;"73,62"
23.05.2021;"73,61";23.05.2021;"73,61"
24.05.2021;"73,44";24.05.2021;"73,44"
25.05.2021;"73,47";25.05.2021;"73,47"
26.05.2021;"73,54";26.05.2021;"73,54"
27.05.2021;"73,44";27.05.2021;"73,44"
28.05.2021;"73,17";28.05.2021;"73,17"
29.05.2021;"73,20";29.05.2021;"73,20"
30.05.2021;"73,19";30.05.2021;"73,19"
31.05.2021;"73,40";31.05.2021;"73,40"
01.06.2021;"73,52";01.06.2021;"73,52"
02.06.2021;"73,15";02.06.2021;"73,15"
03.06.2021;"73,21";03.06.2021;"73,21"
04.06.2021;"72,83";04.06.2021;"72,83"
05.06.2021;"72,86";05.06.2021;"72,86"
06.06.2021;"73,00";06.06.2021;"73,00"
07.06.2021;"72,79";07.06.2021;"72,79"
08.06.2021;"72,24";08.06.2021;"72,24"
09.06.2021;"72,30";09.06.2021;"72,30"
10.06.2021;"71,74";10.06.2021;"71,74"
11.06.2021;"71,91";11.06.2021;"71,91"
12.06.2021;"71,95";12.06.2021;"71,95"
13.06.2021;"72,06";13.06.2021;"72,06"
14.06.2021;"72,02";14.06.2021;"72,02"
15.06.2021;"72,21";15.06.2021;"72,21"
16.06.2021;"72,57";16.06.2021;"72,57"
17.06.2021;"72,39";17.06.2021;"72,39"
18.06.2021;"72,76";18.06.2021;"72,76"
19.06.2021;"72,80";19.06.2021;"72,80"
20.06.2021;"72,80";20.06.2021;"72,80"
21.06.2021;"73,09";21.06.2021;"73,09"
22.06.2021;"72,86";22.06.2021;"72,86"
23.06.2021;"72,63";23.06.2021;"72,63"
24.06.2021;"72,30";24.06.2021;"72,30"
25.06.2021;"72,18";25.06.2021;"72,18"
26.06.2021;"72,21";26.06.2021;"72,21"
27.06.2021;"72,21";27.06.2021;"72,21"
28.06.2021;"72,20";28.06.2021;"72,20"
29.06.2021;"72,72";29.06.2021;"72,72"
30.06.2021;"73,05";30.06.2021;"73,05"
01.07.2021;"73,46";01.07.2021;"73,46"
02.07.2021;"73,16";02.07.2021;"73,16"
03.07.2021;"73,20";03.07.2021;"73,20"
04.07.2021;"73,21";04.07.2021;"73,21"
05.07.2021;"73,40";05.07.2021;"73,40"
06.07.2021;"74,50";06.07.2021;"74,50"
07.07.2021;"74,70";07.07.2021;"74,70"
08.07.2021;"74,71";08.07.2021;"74,71"
09.07.2021;"74,38";09.07.2021;"74,38"
10.07.2021;"74,42";10.07.2021;"74,42"
11.07.2021;"74,25";11.07.2021;"74,25"
12.07.2021;"74,37";12.07.2021;"74,37"
13.07.2021;"74,33";13.07.2021;"74,33"
14.07.2021;"74,13";14.07.2021;"74,13"
15.07.2021;"74,37";15.07.2021;"74,37"
16.07.2021;"74,04";16.07.2021;"74,04"
17.07.2021;"74,08";17.07.2021;"74,08"
18.07.2021;"74,06";18.07.2021;"74,06"
19.07.2021;"74,66";19.07.2021;"74,66"
20.07.2021;"74,35";20.07.2021;"74,35"
21.07.2021;"73,94";21.07.2021;"73,94"
22.07.2021;"73,66";22.07.2021;"73,66"
23.07.2021;"73,83";23.07.2021;"73,83"
24.07.2021;"73,87";24.07.2021;"73,87"
25.07.2021;"73,68";25.07.2021;"73,68"
26.07.2021;"73,68";26.07.2021;"73,68"
27.07.2021;"73,71";27.07.2021;"73,71"
28.07.2021;"73,44";28.07.2021;"73,44"
29.07.2021;"73,15";29.07.2021;"73,15"
30.07.2021;"73,11";30.07.2021;"73,11"
31.07.2021;"73,15";31.07.2021;"73,15"
01.08.2021;"73,09";01.08.2021;"73,09"
02.08.2021;"72,96";02.08.2021;"72,96"
03.08.2021;"72,94";03.08.2021;"72,94"
04.08.2021;"73,18";04.08.2021;"73,18"
05.08.2021;"73,12";05.08.2021;"73,12"
06.08.2021;"73,03";06.08.2021;"73,03"
07.08.2021;"73,06";07.08.2021;"73,06"
08.08.2021;"73,50";08.08.2021;"73,50"
09.08.2021;"73,62";09.08.2021;"73,62"
10.08.2021;"73,92";10.08.2021;"73,92"
11.08.2021;"73,40";11.08.2021;"73,40"
12.08.2021;"73,54";12.08.2021;"73,54"
13.08.2021;"73,28";13.08.2021;"73,28"
14.08.2021;"73,31";14.08.2021;"73,31"
15.08.2021;"73,15";15.08.2021;"73,15"
16.08.2021;"73,28";16.08.2021;"73,28"
17.08.2021;"73,60";17.08.2021;"73,60"
18.08.2021;"73,84";18.08.2021;"73,84"
19.08.2021;"74,28";19.08.2021;"74,28"
20.08.2021;"74,24";20.08.2021;"74,24"
21.08.2021;"74,28";21.08.2021;"74,28"
22.08.2021;"74,20";22.08.2021;"74,20"
23.08.2021;"74,08";23.08.2021;"74,08"
24.08.2021;"73,76";24.08.2021;"73,76"
25.08.2021;"73,77";25.08.2021;"73,77"
26.08.2021;"74,27";26.08.2021;"74,27"
27.08.2021;"73,22";27.08.2021;"73,22"
28.08.2021;"73,25";28.08.2021;"73,25"
29.08.2021;"73,40";29.08.2021;"73,40"
30.08.2021;"73,42";30.08.2021;"73,42"
31.08.2021;"73,27";31.08.2021;"73,27"
01.09.2021;"72,98";01.09.2021;"72,98"
02.09.2021;"73,01";02.09.2021;"73,01"
03.09.2021;"72,79";03.09.2021;"72,79"
04.09.2021;"72,83";04.09.2021;"72,83"
05.09.2021;"72,77";05.09.2021;"72,77"
06.09.2021;"72,97";06.09.2021;"72,97"
07.09.2021;"73,36";07.09.2021;"73,36"
08.09.2021;"73,25";08.09.2021;"73,25"
09.09.2021;"72,86";09.09.2021;"72,86"
10.09.2021;"73,15";10.09.2021;"73,15"
11.09.2021;"73,19";11.09.2021;"73,19"
12.09.2021;"73,10";12.09.2021;"73,10"
13.09.2021;"72,64";13.09.2021;"72,64"
14.09.2021;"72,88";14.09.2021;"72,88"
15.09.2021;"72,24";15.09.2021;"72,24"
16.09.2021;"72,47";16.09.2021;"72,47"
17.09.2021;"72,84";17.09.2021;"72,84"
18.09.2021;"72,88";18.09.2021;"72,88"
19.09.2021;"72,81";19.09.2021;"72,81"
20.09.2021;"73,36";20.09.2021;"73,36"
21.09.2021;"73,00";21.09.2021;"73,00"
22.09.2021;"72,92";22.09.2021;"72,92"
23.09.2021;"72,67";23.09.2021;"72,67"
24.09.2021;"72,48";24.09.2021;"72,48"
25.09.2021;"72,51";25.09.2021;"72,51"
26.09.2021;"72,70";26.09.2021;"72,70"
27.09.2021;"72,58";27.09.2021;"72,58"
28.09.2021;"72,84";28.09.2021;"72,84"
29.09.2021;"72,85";29.09.2021;"72,85"
30.09.2021;"72,72";30.09.2021;"72,72"
01.10.2021;"72,64";01.10.2021;"72,64"
02.10.2021;"72,67";02.10.2021;"72,67"
03.10.2021;"72,75";03.10.2021;"72,75"
04.10.2021;"72,48";04.10.2021;"72,48"
05.10.2021;"72,29";05.10.2021;"72,29"
06.10.2021;"72,39";06.10.2021;"72,39"
07.10.2021;"71,78";07.10.2021;"71,78"
08.10.2021;"71,78";08.10.2021;"71,78"
09.10.2021;"71,81";09.10.2021;"71,81"
10.10.2021;"71,75";10.10.2021;"71,75"
11.10.2021;"71,84";11.10.2021;"71,84"
12.10.2021;"71,85";12.10.2021;"71,85"
13.10.2021;"71,97";13.10.2021;"71,97"
14.10.2021;"71,40";14.10.2021;"71,40"
15.10.2021;"70,99";15.10.2021;"70,99"
16.10.2021;"70,99";16.10.2021;"70,99"
17.10.2021;"71,03";17.10.2021;"71,03"
18.10.2021;"71,22";18.10.2021;"71,22"
19.10.2021;"70,87";19.10.2021;"70,87"
20.10.2021;"70,83";20.10.2021;"70,83"
21.10.2021;"71,16";21.10.2021;"71,16"
22.10.2021;"70,36";22.10.2021;"70,36"
23.10.2021;"70,30";23.10.2021;"70,30"
24.10.2021;"70,39";24.10.2021;"70,39"
25.10.2021;"69,82";25.10.2021;"69,82"
26.10.2021;"69,49";26.10.2021;"69,49"
27.10.2021;"70,64";27.10.2021;"70,64"
28.10.2021;"70,18";28.10.2021;"70,18"
29.10.2021;"70,94";29.10.2021;"70,94"
30.10.2021;"70,94";30.10.2021;"70,94"
31.10.2021;"70,84";31.10.2021;"70,84"
01.11.2021;"71,62";01.11.2021;"71,62"
02.11.2021;"71,65";02.11.2021;"71,65"
03.11.2021;"71,74";03.11.2021;"71,74"
04.11.2021;"71,44";04.11.2021;"71,44"
05.11.2021;"71,15";05.11.2021;"71,15"
06.11.2021;"71,15";06.11.2021;"71,15"
07.11.2021;"71,30";07.11.2021;"71,30"
08.11.2021;"71,26";08.11.2021;"71,26"
09.11.2021;"70,74";09.11.2021;"70,74"
10.11.2021;"71,28";10.11.2021;"71,28"
11.11.2021;"71,60";11.11.2021;"71,60"
12.11.2021;"72,90";12.11.2021;"72,90"
13.11.2021;"72,90";13.11.2021;"72,90"
14.11.2021;"72,88";14.11.2021;"72,88"
15.11.2021;"72,52";15.11.2021;"72,52"
16.11.2021;"73,13";16.11.2021;"73,13"
17.11.2021;"72,61";17.11.2021;"72,61"
18.11.2021;"73,11";18.11.2021;"73,11"
19.11.2021;"73,52";19.11.2021;"73,52"
20.11.2021;"73,52";20.11.2021;"73,52"
21.11.2021;"73,56";21.11.2021;"73,56"
22.11.2021;"75,00";22.11.2021;"75,00"
23.11.2021;"74,31";23.11.2021;"74,31"
24.11.2021;"74,97";24.11.2021;"74,97"
25.11.2021;"74,56";25.11.2021;"74,56"
26.11.2021;"75,56";26.11.2021;"75,56"
27.11.2021;"75,56";27.11.2021;"75,56"
28.11.2021;"75,56";28.11.2021;"75,56"
29.11.2021;"74,47";29.11.2021;"74,47"
30.11.2021;"74,12";30.11.2021;"74,12"
01.12.2021;"74,28";01.12.2021;"74,28"
02.12.2021;"73,65";02.12.2021;"73,65"
03.12.2021;"73,97";03.12.2021;"73,97"
04.12.2021;"73,97";04.12.2021;"73,97"
05.12.2021;"73,89";05.12.2021;"73,89"
06.12.2021;"74,38";06.12.2021;"74,38"
07.12.2021;"74,03";07.12.2021;"74,03"
08.12.2021;"73,56";08.12.2021;"73,56"
09.12.2021;"73,65";09.12.2021;"73,65"
10.12.2021;"73,45";10.12.2021;"73,45"
11.12.2021;"73,45";11.12.2021;"73,45"
12.12.2021;"73,43";12.12.2021;"73,43"
13.12.2021;"73,52";13.12.2021;"73,52"
14.12.2021;"73,83";14.12.2021;"73,83"
15.12.2021;"73,63";15.12.2021;"73,63"
